filename,chroma_stft,rmse,spectral_centroid,spectral_bandwidth,rolloff,zero_crossing_rate,mfcc1,mfcc2,mfcc3,mfcc4,mfcc5,mfcc6,mfcc7,mfcc8,mfcc9,mfcc10,mfcc11,mfcc12,mfcc13,mfcc14,mfcc15,mfcc16,mfcc17,mfcc18,mfcc19,mfcc20,label
H26_03_1SL_4PK3BE.wav,0.21314990371630152,0.06575454026460648,1928.3508356353668,2344.9981185341526,4373.724834735577,0.059157151442307696,-288.2622589530719,86.74888445646094,24.447817471722757,42.14135159832491,-37.74584495404634,-8.816668020000153,-3.612952684584402,3.238909284696632,-7.2122965683611735,7.215515777875922,-10.050526817075486,3.216816097326742,-15.148675652463966,8.158958062447157,-10.1276673386774,-0.7190606378724158,-5.885846763611875,7.147559321302116,-13.26303081009121,-0.6698775839698816,H
